"summary(model_volatility)$coefficients[, 4]"
0.99999999999994
0.984070374848415
0.390431000736904
0.000715087523867557
0.169535523153464
0.000501011456864711
1.92635627887748e-16
0.999817371802551
7.03522821523156e-11
0.049367328953867
0.714159917915304
0.00112331132439538
0.048046932376287
0.920327634301434
0.363707373382178
0.547169701749779
2.61699988051368e-06
9.45429871731545e-10
